<?xml version="1.0" encoding="ISO-8859-1"?>

<!--
   Copyright 2002-2004 The Apache Software Foundation

   Licensed under the Apache License, Version 2.0 (the "License");
   you may not use this file except in compliance with the License.
   You may obtain a copy of the License at

       http://www.apache.org/licenses/LICENSE-2.0

   Unless required by applicable law or agreed to in writing, software
   distributed under the License is distributed on an "AS IS" BASIS,
   WITHOUT WARRANTIES OR CONDITIONS OF ANY KIND, either express or implied.
   See the License for the specific language governing permissions and
   limitations under the License.
  -->
<!DOCTYPE org.apache.commons.menus SYSTEM 'http://jakarta.apache.org/commons/build/maven-build.dtd'>

<project name="Commons JEXL">
  <title>Commons JEXL</title>
  <body>
    <menu name="Commons&#xA0;Jexl">
      <item name="Overview"                      href="/index.html" />
      <item name="1.0&#xA0;Javadoc"              href="/apidocs-1.0/index.html"/>
      <item name="Latest&#xA0;Javadoc"           href="/apidocs/index.html"/>
      <item name="Examples"                      href="http://svn.apache.org/viewvc/jakarta/commons/proper/jexl/trunk/examples/"/>
      <item name="Releases and Builds"           href="/releases.html"/>
      <item name="Jar Downloads"                 href="/downloads.html"/>
      <item name="Reference"                     href="/reference/index.html"/>
      <item name="Building"                      href="/building.html"/>
      <item name="JEXL Wiki"                     href="http://wiki.apache.org/jakarta-commons/JEXL"/>
    </menu>
    &commons;
  </body>
</project>


